txHash,txData,txTrace,Label0,Label1
0x8c4f3ff1733fb32725011652a0700e8b8bda82b5b19c085a298167a812f7efd7,"{'blockNumber': '0xbdba67', 'from': '0xeb2629a2734e272bcc07bda959863f316f4bd4cf', 'to': '0x08b7273153701dcc7256ac989dcb9e4d8df18f67', 'gas': '0x5208', 'gasPrice': '0x2540be4000', 'input': '0x', 'nonce': '0x7182a', 'publicKey': '0x354bc6627ab56f792367669b5c88e91206f8efed897422c80ab1d5f0241b6cb1a5574f2dee83cefe41595d1d09854117208401a36762abdc85edde587db3100d', 'value': '0x27ca010fc40c00'}","{'type': 'CALL', 'from': '0xeb2629a2734e272bcc07bda959863f316f4bd4cf', 'to': '0x08b7273153701dcc7256ac989dcb9e4d8df18f67', 'value': '0x27ca010fc40c00', 'gas': '0x0', 'input': '0x', 'output': '0x', 'gasUsed': '0x0', 'blockNumber': 12434023, 'transactionHash': '0x8c4f3ff1733fb32725011652a0700e8b8bda82b5b19c085a298167a812f7efd7'}",False,0.0
0x634a6dd0c13e06e04b81eec79444639a6bd3f392d645ef00c8c9054acb8d5b72,"{'blockNumber': '0xbdba67', 'from': '0x3b794929566e3ba0f25e4263e1987828b5c87161', 'to': '0x1908bd44cc2fd6d07e7cb5b8582a29eae1e60837', 'gas': '0xc350', 'gasPrice': '0x249fcf8500', 'input': '0x', 'nonce': '0x2dcf', 'publicKey': '0xfb9f82440a5b6c914c3b1787c28c2ccd3811525ae3d5a2c2b7fb77cb876ecb1999b09b6d33fd424f1cd7db7c58cbbd79f3bda4a7bbaa877aa1199972509aa45d', 'value': '0x493711052e463c'}","{'type': 'CALL', 'from': '0x3b794929566e3ba0f25e4263e1987828b5c87161', 'to': '0x1908bd44cc2fd6d07e7cb5b8582a29eae1e60837', 'value': '0x493711052e463c', 'gas': '0x7148', 'input': '0x', 'output': '0x', 'gasUsed': '0x0', 'blockNumber': 12434023, 'transactionHash': '0x634a6dd0c13e06e04b81eec79444639a6bd3f392d645ef00c8c9054acb8d5b72'}",False,0.0
0x538ac7db1cf5f5989fd978af315b1596ef9a692532c4d033a3ee142c202093f5,"{'blockNumber': '0xbdba67', 'from': '0xcb29cf5f7ac869d561eda1bd6b05b8fff442d371', 'to': '0xdac17f958d2ee523a2206206994597c13d831ec7', 'gas': '0x16852', 'gasPrice': '0x22ecb25c00', 'input': '0xa9059cbb0000000000000000000000003f5ce5fbfe3e9af3971dd833d26ba9b5c936f0be000000000000000000000000000000000000000000000000000000023ca03ce4', 'nonce': '0x46', 'publicKey': '0x177b32c25b0f40eab0086917ed6e4cc14aa870d74265bc9aa770e9641b3fe2197b22028a66eb65ba3203dbcc9a45a871e19281e10e465b35314bc0544f7e9eab', 'value': '0x0'}","{'type': 'CALL', 'from': '0xcb29cf5f7ac869d561eda1bd6b05b8fff442d371', 'to': '0xdac17f958d2ee523a2206206994597c13d831ec7', 'value': '0x0', 'gas': '0x113de', 'input': '0xa9059cbb0000000000000000000000003f5ce5fbfe3e9af3971dd833d26ba9b5c936f0be000000000000000000000000000000000000000000000000000000023ca03ce4', 'output': '0x', 'gasUsed': '0x5fb5', 'blockNumber': 12434023, 'transactionHash': '0x538ac7db1cf5f5989fd978af315b1596ef9a692532c4d033a3ee142c202093f5'}",False,0.0
0x409864d1ec3a26cdf4e4b174782e405ff189d1ec74796b0fc4b0068642d110c2,"{'blockNumber': '0xbdba68', 'from': '0x3b794929566e3ba0f25e4263e1987828b5c87161', 'to': '0xb0c8499b79c4322ab44e7e4b7dd7585556b554ba', 'gas': '0xc350', 'gasPrice': '0x249fcf8500', 'input': '0x', 'nonce': '0x2dd0', 'publicKey': '0xfb9f82440a5b6c914c3b1787c28c2ccd3811525ae3d5a2c2b7fb77cb876ecb1999b09b6d33fd424f1cd7db7c58cbbd79f3bda4a7bbaa877aa1199972509aa45d', 'value': '0xc4e4dc14cf906e'}","{'type': 'CALL', 'from': '0x3b794929566e3ba0f25e4263e1987828b5c87161', 'to': '0xb0c8499b79c4322ab44e7e4b7dd7585556b554ba', 'value': '0xc4e4dc14cf906e', 'gas': '0x7148', 'input': '0x', 'output': '0x', 'gasUsed': '0x0', 'blockNumber': 12434024, 'transactionHash': '0x409864d1ec3a26cdf4e4b174782e405ff189d1ec74796b0fc4b0068642d110c2'}",False,0.0
0x774ab77600e983d2a59b82b8d0dcd3493dd9b538cf714e7bf0f20afc935d30e4,"{'blockNumber': '0xbdba68', 'from': '0xb0a1f9559769876e2367a7ca2fea86ebb16e6c5f', 'to': '0xc94ebdb0860b995ba352118caae8cb85bb0dd766', 'gas': '0x5208', 'gasPrice': '0x22ecb25c00', 'input': '0x', 'nonce': '0xc5', 'publicKey': '0x8f6759c5cdd79f178b4e1c55124819de65dd2dddcf1409c283ceb39bc2a1d5950e95943bf6b5350738038e7e4c726dde6bf9c8890950a780292dea57cef19708', 'value': '0x59b11a6dffe000'}","{'type': 'CALL', 'from': '0xb0a1f9559769876e2367a7ca2fea86ebb16e6c5f', 'to': '0xc94ebdb0860b995ba352118caae8cb85bb0dd766', 'value': '0x59b11a6dffe000', 'gas': '0x0', 'input': '0x', 'output': '0x', 'gasUsed': '0x0', 'blockNumber': 12434024, 'transactionHash': '0x774ab77600e983d2a59b82b8d0dcd3493dd9b538cf714e7bf0f20afc935d30e4'}",False,0.0
0x29cd68b08da0b13dec043e88371cbe14602a87419a7540d69052971b8b4d1c97,"{'blockNumber': '0xbdba68', 'from': '0x6dfc34609a05bc22319fa4cce1d1e2929548c0d7', 'to': '0xb73f7967f2b7affb0161e7d27fe4472e7dc5c01f', 'gas': '0x5208', 'gasPrice': '0x218711a000', 'input': '0x', 'nonce': '0xd1d1', 'publicKey': '0x6e5436bb7dec4620d8d453b1fcb7fbe5f1a6e0a161f2ae557e2b08bcb39626f831738a52ca57d1a238441dd50e9d42d5dc0cfe26a164256e84f217f42597edad', 'value': '0x56974e2c160400'}","{'type': 'CALL', 'from': '0x6dfc34609a05bc22319fa4cce1d1e2929548c0d7', 'to': '0xb73f7967f2b7affb0161e7d27fe4472e7dc5c01f', 'value': '0x56974e2c160400', 'gas': '0x0', 'input': '0x', 'output': '0x', 'gasUsed': '0x0', 'blockNumber': 12434024, 'transactionHash': '0x29cd68b08da0b13dec043e88371cbe14602a87419a7540d69052971b8b4d1c97'}",False,0.0
0xf429c28532be277008598ad362a06155c0a602ca46af8dbc5c8d0fcbd1440423,"{'blockNumber': '0xbdba69', 'from': '0x6b719f511ec3aea8aa357db8e1fb7b3264f28a04', 'to': '0x7a250d5630b4cf539739df2c5dacb4c659f2488d', 'gas': '0x3e746', 'gasPrice': '0x1efd60d300', 'input': '0x7ff36ab5000000000000000000000000000000000000000000000003cce8ec363523f5b000000000000000000000000000000000000000000000000000000000000000800000000000000000000000006b719f511ec3aea8aa357db8e1fb7b3264f28a0400000000000000000000000000000000000000000000000000000000609ec1160000000000000000000000000000000000000000000000000000000000000002000000000000000000000000c02aaa39b223fe8d0a0e5c4f27ead9083c756cc2000000000000000000000000a2b4c0af19cc16a6cfacce81f192b024d625817d', 'nonce': '0xa', 'publicKey': '0x9f05152f8ce266521d101485fdeab5adf4d50fbc93b4fc8ae95b98afaa764107c912bffbbc655c16fcf0075fc5c201fc6d6561679780ad649c12889b30945be6', 'value': '0x3782dace9d90000'}","{'type': 'CALL', 'from': '0x6b719f511ec3aea8aa357db8e1fb7b3264f28a04', 'to': '0x7a250d5630b4cf539739df2c5dacb4c659f2488d', 'value': '0x3782dace9d90000', 'gas': '0x38dfa', 'input': '0x7ff36ab5000000000000000000000000000000000000000000000003cce8ec363523f5b000000000000000000000000000000000000000000000000000000000000000800000000000000000000000006b719f511ec3aea8aa357db8e1fb7b3264f28a0400000000000000000000000000000000000000000000000000000000609ec1160000000000000000000000000000000000000000000000000000000000000002000000000000000000000000c02aaa39b223fe8d0a0e5c4f27ead9083c756cc2000000000000000000000000a2b4c0af19cc16a6cfacce81f192b024d625817d', 'output': '0x0000000000000000000000000000000000000000000000000000000000000020000000000000000000000000000000000000000000000000000000000000000200000000000000000000000000000000000000000000000003782dace9d90000000000000000000000000000000000000000000000000003fe227e0a520e6de7', 'gasUsed': '0x2d85d', 'blockNumber': 12434025, 'transactionHash': '0xf429c28532be277008598ad362a06155c0a602ca46af8dbc5c8d0fcbd1440423', 'calls': [{'type': 'STATICCALL', 'from': '0x7a250d5630b4cf539739df2c5dacb4c659f2488d', 'to': '0xf82d8ec196fb0d56c6b82a8b1870f09502a49f88', 'value': '0x0', 'gas': '0x36d4a', 'input': '0x0902f1ac', 'output': '0x000000000000000000000000000000000000000000005ae1c811dacee6dcf97100000000000000000000000000000000000000000000004eb890b4ee7cfc6c9900000000000000000000000000000000000000000000000000000000609eba95', 'gasUsed': '0x9c8', 'blockNumber': 12434025, 'transactionHash': '0xf429c28532be277008598ad362a06155c0a602ca46af8dbc5c8d0fcbd1440423'}, {'type': 'CALL', 'from': '0x7a250d5630b4cf539739df2c5dacb4c659f2488d', 'to': '0xc02aaa39b223fe8d0a0e5c4f27ead9083c756cc2', 'value': '0x3782dace9d90000', 'gas': '0x33a89', 'input': '0xd0e30db0', 'output': '0x', 'gasUsed': '0x5da6', 'blockNumber': 12434025, 'transactionHash': '0xf429c28532be277008598ad362a06155c0a602ca46af8dbc5c8d0fcbd1440423'}, {'type': 'CALL', 'from': '0x7a250d5630b4cf539739df2c5dacb4c659f2488d', 'to': '0xc02aaa39b223fe8d0a0e5c4f27ead9083c756cc2', 'value': '0x0', 'gas': '0x2d99f', 'input': '0xa9059cbb000000000000000000000000f82d8ec196fb0d56c6b82a8b1870f09502a49f8800000000000000000000000000000000000000000000000003782dace9d90000', 'output': '0x0000000000000000000000000000000000000000000000000000000000000001', 'gasUsed': '0x1f7e', 'blockNumber': 12434025, 'transactionHash': '0xf429c28532be277008598ad362a06155c0a602ca46af8dbc5c8d0fcbd1440423'}, {'type': 'CALL', 'from': '0x7a250d5630b4cf539739df2c5dacb4c659f2488d', 'to': '0xf82d8ec196fb0d56c6b82a8b1870f09502a49f88', 'value': '0x0', 'gas': '0x2b29f', 'input': '0x022c0d9f000000000000000000000000000000000000000000000003fe227e0a520e6de700000000000000000000000000000000000000000000000000000000000000000000000000000000000000006b719f511ec3aea8aa357db8e1fb7b3264f28a0400000000000000000000000000000000000000000000000000000000000000800000000000000000000000000000000000000000000000000000000000000000', 'output': '0x', 'gasUsed': '0x20630', 'blockNumber': 12434025, 'transactionHash': '0xf429c28532be277008598ad362a06155c0a602ca46af8dbc5c8d0fcbd1440423', 'calls': [{'type': 'CALL', 'from': '0xf82d8ec196fb0d56c6b82a8b1870f09502a49f88', 'to': '0xa2b4c0af19cc16a6cfacce81f192b024d625817d', 'value': '0x0', 'gas': '0x27467', 'input': '0xa9059cbb0000000000000000000000006b719f511ec3aea8aa357db8e1fb7b3264f28a04000000000000000000000000000000000000000000000003fe227e0a520e6de7', 'output': '0x0000000000000000000000000000000000000000000000000000000000000001', 'gasUsed': '0x16078', 'blockNumber': 12434025, 'transactionHash': '0xf429c28532be277008598ad362a06155c0a602ca46af8dbc5c8d0fcbd1440423'}, {'type': 'STATICCALL', 'from': '0xf82d8ec196fb0d56c6b82a8b1870f09502a49f88', 'to': '0xa2b4c0af19cc16a6cfacce81f192b024d625817d', 'value': '0x0', 'gas': '0x11704', 'input': '0x70a08231000000000000000000000000f82d8ec196fb0d56c6b82a8b1870f09502a49f88', 'output': '0x000000000000000000000000000000000000000000005addca0636cda8110aa0', 'gasUsed': '0x4836', 'blockNumber': 12434025, 'transactionHash': '0xf429c28532be277008598ad362a06155c0a602ca46af8dbc5c8d0fcbd1440423'}, {'type': 'STATICCALL', 'from': '0xf82d8ec196fb0d56c6b82a8b1870f09502a49f88', 'to': '0xc02aaa39b223fe8d0a0e5c4f27ead9083c756cc2', 'value': '0x0', 'gas': '0xce59', 'input': '0x70a08231000000000000000000000000f82d8ec196fb0d56c6b82a8b1870f09502a49f88', 'output': '0x00000000000000000000000000000000000000000000004ebc08e29b66d56c99', 'gasUsed': '0x216', 'blockNumber': 12434025, 'transactionHash': '0xf429c28532be277008598ad362a06155c0a602ca46af8dbc5c8d0fcbd1440423'}]}]}",False,0.0
0x3a9d246b7de31d614d17a4202a5d172c17690ff7e007aec5e2e7f6c38c0d7433,"{'blockNumber': '0xbdba6a', 'from': '0x0dcebfb5cc93100eb1c081e13c6b0ff37c35b3e3', 'to': '0x7a250d5630b4cf539739df2c5dacb4c659f2488d', 'gas': '0x29dde', 'gasPrice': '0x2363e7f000', 'input': '0x18cbafe500000000000000000000000000000000000000000000054975b7ab1f5a8abacb0000000000000000000000000000000000000000000000003a2d2a0bb297e85900000000000000000000000000000000000000000000000000000000000000a00000000000000000000000000dcebfb5cc93100eb1c081e13c6b0ff37c35b3e300000000000000000000000000000000000000000000000000000000609ebef000000000000000000000000000000000000000000000000000000000000000020000000000000000000000005218e472cfcfe0b64a064f055b43b4cdc9efd3a6000000000000000000000000c02aaa39b223fe8d0a0e5c4f27ead9083c756cc2', 'nonce': '0x2c', 'publicKey': '0xffb9af40e0d01fa41ad9fc5cc0799475b48f0deca28793801bfeb27ad32c96b8d0eba2e80356323704dd6bde12f23834850f5f7e9bda073cbc808d4518b8ca0e', 'value': '0x0'}","{'type': 'CALL', 'from': '0x0dcebfb5cc93100eb1c081e13c6b0ff37c35b3e3', 'to': '0x7a250d5630b4cf539739df2c5dacb4c659f2488d', 'value': '0x0', 'gas': '0x243a6', 'input': '0x18cbafe500000000000000000000000000000000000000000000054975b7ab1f5a8abacb0000000000000000000000000000000000000000000000003a2d2a0bb297e85900000000000000000000000000000000000000000000000000000000000000a00000000000000000000000000dcebfb5cc93100eb1c081e13c6b0ff37c35b3e300000000000000000000000000000000000000000000000000000000609ebef000000000000000000000000000000000000000000000000000000000000000020000000000000000000000005218e472cfcfe0b64a064f055b43b4cdc9efd3a6000000000000000000000000c02aaa39b223fe8d0a0e5c4f27ead9083c756cc2', 'output': '0x0000000000000000000000000000000000000000000000000000000000000020000000000000000000000000000000000000000000000000000000000000000200000000000000000000000000000000000000000000054975b7ab1f5a8abacb0000000000000000000000000000000000000000000000003ac2188bd08a1113', 'gasUsed': '0x1cca7', 'blockNumber': 12434026, 'transactionHash': '0x3a9d246b7de31d614d17a4202a5d172c17690ff7e007aec5e2e7f6c38c0d7433', 'calls': [{'type': 'STATICCALL', 'from': '0x7a250d5630b4cf539739df2c5dacb4c659f2488d', 'to': '0x7ba9b94127d434182287de708643932ec036d365', 'value': '0x0', 'gas': '0x227f1', 'input': '0x0902f1ac', 'output': '0x00000000000000000000000000000000000000000012a9c1ea782cea9f47237d0000000000000000000000000000000000000000000000d045a011d4685711cb00000000000000000000000000000000000000000000000000000000609eba40', 'gasUsed': '0x9c8', 'blockNumber': 12434026, 'transactionHash': '0x3a9d246b7de31d614d17a4202a5d172c17690ff7e007aec5e2e7f6c38c0d7433'}, {'type': 'CALL', 'from': '0x7a250d5630b4cf539739df2c5dacb4c659f2488d', 'to': '0x5218e472cfcfe0b64a064f055b43b4cdc9efd3a6', 'value': '0x0', 'gas': '0x209e8', 'input': '0x23b872dd0000000000000000000000000dcebfb5cc93100eb1c081e13c6b0ff37c35b3e30000000000000000000000007ba9b94127d434182287de708643932ec036d36500000000000000000000000000000000000000000000054975b7ab1f5a8abacb', 'output': '0x0000000000000000000000000000000000000000000000000000000000000001', 'gasUsed': '0x50f7', 'blockNumber': 12434026, 'transactionHash': '0x3a9d246b7de31d614d17a4202a5d172c17690ff7e007aec5e2e7f6c38c0d7433'}, {'type': 'CALL', 'from': '0x7a250d5630b4cf539739df2c5dacb4c659f2488d', 'to': '0x7ba9b94127d434182287de708643932ec036d365', 'value': '0x0', 'gas': '0x1b1a3', 'input': '0x022c0d9f00000000000000000000000000000000000000000000000000000000000000000000000000000000000000000000000000000000000000003ac2188bd08a11130000000000000000000000007a250d5630b4cf539739df2c5dacb4c659f2488d00000000000000000000000000000000000000000000000000000000000000800000000000000000000000000000000000000000000000000000000000000000', 'output': '0x', 'gasUsed': '0xfdb4', 'blockNumber': 12434026, 'transactionHash': '0x3a9d246b7de31d614d17a4202a5d172c17690ff7e007aec5e2e7f6c38c0d7433', 'calls': [{'type': 'CALL', 'from': '0x7ba9b94127d434182287de708643932ec036d365', 'to': '0xc02aaa39b223fe8d0a0e5c4f27ead9083c756cc2', 'value': '0x0', 'gas': '0x17750', 'input': '0xa9059cbb0000000000000000000000007a250d5630b4cf539739df2c5dacb4c659f2488d0000000000000000000000000000000000000000000000003ac2188bd08a1113', 'output': '0x0000000000000000000000000000000000000000000000000000000000000001', 'gasUsed': '0x750a', 'blockNumber': 12434026, 'transactionHash': '0x3a9d246b7de31d614d17a4202a5d172c17690ff7e007aec5e2e7f6c38c0d7433'}, {'type': 'STATICCALL', 'from': '0x7ba9b94127d434182287de708643932ec036d365', 'to': '0x5218e472cfcfe0b64a064f055b43b4cdc9efd3a6', 'value': '0x0', 'gas': '0x101c1', 'input': '0x70a082310000000000000000000000007ba9b94127d434182287de708643932ec036d365', 'output': '0x00000000000000000000000000000000000000000012af0b602fd809f9d1de48', 'gasUsed': '0x275', 'blockNumber': 12434026, 'transactionHash': '0x3a9d246b7de31d614d17a4202a5d172c17690ff7e007aec5e2e7f6c38c0d7433'}, {'type': 'STATICCALL', 'from': '0x7ba9b94127d434182287de708643932ec036d365', 'to': '0xc02aaa39b223fe8d0a0e5c4f27ead9083c756cc2', 'value': '0x0', 'gas': '0xfdc0', 'input': '0x70a082310000000000000000000000007ba9b94127d434182287de708643932ec036d365', 'output': '0x0000000000000000000000000000000000000000000000d00addf94897cd00b8', 'gasUsed': '0x216', 'blockNumber': 12434026, 'transactionHash': '0x3a9d246b7de31d614d17a4202a5d172c17690ff7e007aec5e2e7f6c38c0d7433'}]}, {'type': 'CALL', 'from': '0x7a250d5630b4cf539739df2c5dacb4c659f2488d', 'to': '0xc02aaa39b223fe8d0a0e5c4f27ead9083c756cc2', 'value': '0x0', 'gas': '0xb5eb', 'input': '0x2e1a7d4d0000000000000000000000000000000000000000000000003ac2188bd08a1113', 'output': '0x', 'gasUsed': '0x2407', 'blockNumber': 12434026, 'transactionHash': '0x3a9d246b7de31d614d17a4202a5d172c17690ff7e007aec5e2e7f6c38c0d7433', 'calls': [{'type': 'CALL', 'from': '0xc02aaa39b223fe8d0a0e5c4f27ead9083c756cc2', 'to': '0x7a250d5630b4cf539739df2c5dacb4c659f2488d', 'value': '0x3ac2188bd08a1113', 'gas': '0x8fc', 'input': '0x', 'output': '0x', 'gasUsed': '0x53', 'blockNumber': 12434026, 'transactionHash': '0x3a9d246b7de31d614d17a4202a5d172c17690ff7e007aec5e2e7f6c38c0d7433'}]}, {'type': 'CALL', 'from': '0x7a250d5630b4cf539739df2c5dacb4c659f2488d', 'to': '0x0dcebfb5cc93100eb1c081e13c6b0ff37c35b3e3', 'value': '0x3ac2188bd08a1113', 'gas': '0x76e3', 'input': '0x', 'output': '0x', 'gasUsed': '0x0', 'blockNumber': 12434026, 'transactionHash': '0x3a9d246b7de31d614d17a4202a5d172c17690ff7e007aec5e2e7f6c38c0d7433'}]}",False,0.0
0x299fa17360ce4e311e2b98d778a382cfb509050ef4f9509efbabd212c649f8c1,"{'blockNumber': '0xbdba6b', 'from': '0x56ef6d9eae464301154a6ca82e6ed30e4cd05976', 'to': '0x297ab92f4061bfde3ee42437d516edaa74476146', 'gas': '0x5208', 'gasPrice': '0x21c2ac6a00', 'input': '0x', 'nonce': '0x1', 'publicKey': '0xc29b49d5a1379644a629b2a0cb3a4f94200eb5ce3429169720bb6f3705caaeed59472e591461305531923a2f5232909a0bb8294a903d39c0db54346b4f62abc9', 'value': '0x2bbb9876bbcb000'}","{'type': 'CALL', 'from': '0x56ef6d9eae464301154a6ca82e6ed30e4cd05976', 'to': '0x297ab92f4061bfde3ee42437d516edaa74476146', 'value': '0x2bbb9876bbcb000', 'gas': '0x0', 'input': '0x', 'output': '0x', 'gasUsed': '0x0', 'blockNumber': 12434027, 'transactionHash': '0x299fa17360ce4e311e2b98d778a382cfb509050ef4f9509efbabd212c649f8c1'}",False,0.0
